{
  "scaler": {
    "mean": [
      1.285863825244854,
      2.6040301975902302,
      -0.2631510841806077,
      -0.167273764511221,
      0.07449852119645499
    ],
    "scale": [
      0.07777322514520651,
      1.6661766583315571,
      1.031015714879168,
      0.38046756313365043,
      0.10812518217592788
    ]
  },
  "logistic_regression": {
    "coef": [
      [
        1.9555352279530254,
        4.2883153139465575,
        0.5754894849818594,
        2.2044966034141638,
        12.80516492652847
      ]
    ],
    "intercept": [
      6.626264799809121
    ],
    "classes": [
      0,
      1
    ]
  },
  "feature_names": [
    "Mean Power",
    "PAPR",
    "Kurtosis",
    "Skewness",
    "Spectral Flatness"
  ]
}